employee_id,first_name,last_name,date_of_joining,age,address,job_title
12325,Mabelle,Hilldrop,8/15/2014,53,40 Sutherland Street,IT
75257,Gilligan,Bramhill,7/13/2002,35,49461 Troy Trail,teller
11019,Baudoin,Kitchaside,8/10/2003,64,8 Sage Junction,teller
28385,Robin,Sillitoe,12/12/2009,24,408 Little Fleur Drive,IT
18911,Heywood,Vonasek,9/24/2006,83,07 Valley Edge Court,teller
61551,Astrid,Stoakes,3/26/2000,98,333 Memorial Junction,analyst
09735,Phillida,Crosland,5/12/2006,19,6 Mcbride Center,analyst
18325,Caresa,Gatrell,5/21/2010,96,58546 Pearson Terrace,manager
55443,Verney,Buessen,7/29/1998,99,8534 Bunting Drive,analyst
01653,Shena,Chetham,5/19/2009,44,449 Meadow Vale Junction,cashier
99746,Dynah,Churching,12/31/2013,28,149 Delladonna Point,IT
79446,Ermin,Bletso,2/15/2009,59,5 Riverside Trail,analyst
08874,Anallise,Grishakov,11/4/2012,50,053 Walton Alley,teller
60229,Frayda,Mordaunt,4/6/2021,62,40 Bartelt Crossing,analyst
63728,Beverlee,Febry,11/8/2001,52,41 Welch Circle,analyst
30244,Claus,Brewer,6/5/2001,74,219 Walton Park,manager
05331,Isidro,Sinnocke,11/17/2022,42,37 Stone Corner Lane,IT
01014,Camila,Rolls,4/2/2013,88,5 Union Parkway,manager
82697,Jeremiah,Gulston,1/30/2010,51,0 Stang Parkway,analyst
54017,Flori,Griswood,10/31/2005,68,8 Graceland Hill,IT
04681,Tracee,Bengochea,9/9/2009,66,092 Meadow Ridge Street,cashier
41144,Kurt,Filipov,7/23/2016,100,947 Westport Point,cashier
79325,Alec,Bohin,8/19/2003,91,4069 Mandrake Trail,manager
92937,Lorelle,Buttel,6/11/2020,42,2 Bunker Hill Court,manager
35549,Morry,Cotta,2/1/2021,37,99 Oak Lane,analyst
96820,Annalee,Sandon,1/18/2011,100,6192 Katie Place,IT
61644,Rosanna,Brockton,2/20/2000,33,25 Cherokee Trail,manager
00370,Dell,Whittington,11/6/2010,20,0513 Melvin Park,teller
03237,Lloyd,Cuesta,3/11/2015,83,9961 Mendota Circle,analyst
17573,Tadeas,Motherwell,12/20/2021,19,6277 Grayhawk Parkway,IT
78136,Margie,McGarrie,5/9/2005,43,4322 Manufacturers Court,cashier
06729,Goraud,Sparks,5/27/1999,90,548 Bellgrove Crossing,IT
26580,Bil,Kienlein,12/22/2019,60,92 Lakewood Lane,manager
26885,Jacob,Qusklay,8/27/2020,84,6 Dakota Center,teller
70778,Sterne,Pidduck,1/14/2021,42,4 Northfield Street,analyst
62426,Barnabas,Aldis,5/18/2015,58,266 Riverside Place,IT
72889,Nestor,Milier,2/20/2001,64,98 Bluestem Drive,IT
26529,Beryle,Duell,1/15/2013,55,9558 Sundown Parkway,teller
88839,Raimund,Korejs,4/17/2001,87,25305 Grim Place,cashier
73254,Gregory,Raund,9/30/1999,30,3 Dottie Junction,IT
67945,Paton,Vinton,3/9/2008,68,511 Algoma Court,cashier
84016,Zackariah,Dary,6/11/2006,60,52607 Kings Junction,manager
99841,Lucie,Malling,1/20/2000,66,46089 Pawling Drive,manager
37252,Kip,Copo,2/14/2001,38,47 Cherokee Street,IT
60411,Kamila,Albasiny,6/9/1998,49,1 Carberry Lane,teller
66191,Marlin,Alcorn,2/23/2018,34,8 Dorton Way,analyst
84444,Claus,Welfair,4/7/2003,54,7 Havey Way,IT
85833,Faith,Dake,8/27/2006,60,0661 Service Plaza,IT
25689,Beverly,Heales,12/31/2005,31,92 Fordem Drive,manager
27530,Callida,Ebbles,8/28/2022,95,2 Kinsman Place,cashier
59015,Sargent,Pods,11/11/2020,63,51 Mallard Hill,IT
91366,Elisabet,Dickinson,9/25/2003,27,6036 Algoma Pass,manager
29430,Feodora,Pohling,6/7/2005,63,094 Sauthoff Parkway,IT
06142,Franciska,Penticoot,7/16/2016,99,833 Kennedy Trail,cashier
71050,Nikolos,Clynman,5/30/2011,62,48103 Nancy Circle,teller
84295,Jewelle,Tonnesen,1/26/1999,70,9 Graedel Terrace,analyst
05602,Ashely,Wilfinger,8/5/2012,92,32 Melvin Drive,cashier
97573,Lutero,Antonoczyk,7/17/2021,21,051 Colorado Court,analyst
58777,Butch,Castro,10/21/2019,18,49001 Lawn Terrace,IT
23716,Biddie,Tidbold,4/4/2010,83,26821 Algoma Parkway,IT
85759,Alard,Mishow,10/15/1998,88,0700 Melrose Drive,cashier
06371,Philomena,Decort,9/11/1999,56,95 Springview Alley,manager
29838,Rufus,Mouncher,12/9/2022,36,88 Dwight Hill,IT
36126,Torey,Chastand,5/24/2006,38,29 Tennyson Place,teller
42751,Allie,Rheam,11/5/2007,56,853 Elmside Lane,IT
75390,Cissiee,Geraldi,2/17/2010,39,93 Spaight Place,IT
90374,Ximenes,Kildea,7/21/2020,47,9 Crownhardt Avenue,teller
21686,Cassandra,Blair,6/14/2006,68,9 Bowman Center,IT
63295,Perice,Letten,9/29/2000,26,1339 Westend Street,analyst
92358,Walliw,Ondrus,9/23/2019,48,81192 Sycamore Circle,analyst
18403,Farlie,Rustman,2/6/2014,39,24979 Rigney Alley,teller
47840,Lizzie,Ashwin,8/21/2018,56,14004 Arizona Pass,analyst
31843,Galvan,Henzer,3/13/1999,68,0186 Meadow Valley Alley,analyst
90069,Camellia,Clarricoates,4/26/2000,43,91219 Heffernan Junction,manager
19718,Chrysa,Tallach,6/8/2006,53,96246 Caliangt Court,cashier
64201,Torrance,Graber,11/24/2016,42,9 Pearson Crossing,cashier
13215,Mandy,McCane,8/27/2019,76,6 Kingsford Place,manager
25727,Anton,Powton,7/30/2011,49,193 Elmside Court,IT
67527,Chelsy,Medhurst,9/14/2012,99,4623 Arapahoe Point,manager
62616,Cass,Caldes,6/6/2017,72,15436 Westerfield Parkway,teller
59144,Karol,Cresswell,10/28/2017,25,6617 Russell Alley,cashier
01821,Nikkie,Waddell,12/6/2012,98,8 Kenwood Terrace,teller
47089,Maybelle,Burth,1/2/2009,75,94 Anniversary Trail,teller
03887,Jaynell,Matijevic,3/6/2000,71,006 North Park,manager
42678,Kin,Greenset,5/1/2015,89,2395 Truax Circle,analyst
27905,Meade,Shaplin,4/9/2008,21,839 Declaration Court,IT
69124,Alexandre,Beagley,2/18/2012,83,84148 Orin Terrace,analyst
85575,Loraine,Halfhyde,10/8/2010,59,18 Porter Point,analyst
16069,Noak,Sleany,6/23/2014,92,118 Nelson Road,IT
74881,Tildie,Hall,10/10/2016,68,00 Farragut Drive,manager
10251,Fifine,McAsgill,11/30/2015,56,946 Logan Park,manager
10909,Goraud,Yakunikov,9/24/2016,77,46 Farmco Circle,IT
59578,Gabbie,Messingham,8/14/2005,49,9322 4th Center,analyst
58937,Carmine,Bounde,5/18/2001,39,7 Bashford Plaza,analyst
70590,Chrysler,Boggers,8/6/2013,61,3157 Pennsylvania Park,cashier
04274,Maurizia,Stringman,11/28/2000,20,3 Homewood Parkway,IT
15703,Nerty,Bazley,10/25/2002,63,1 Lien Place,analyst
40278,Nessa,Loweth,9/19/2008,87,9 Quincy Park,teller
26664,Arielle,Gorton,8/8/2001,92,4335 Clemons Parkway,IT
61953,Danella,Kardos-Stowe,8/23/2013,97,6726 Surrey Crossing,IT
55297,Aeriela,Lamkin,7/20/1999,32,4180 Mayer Parkway,IT
73545,Ronda,Lindermann,7/2/2011,22,54 Scofield Circle,manager
77263,Leo,Druce,4/19/2018,59,48 Quincy Court,IT
99287,Ardith,Perrygo,3/21/2008,82,1008 Dennis Road,manager
89489,Robbi,Bergeon,6/20/2010,97,61012 Shasta Parkway,teller
84359,Wally,Blackley,7/4/2004,98,8880 Dennis Plaza,IT
44475,Doretta,McAughtrie,12/3/2019,33,77 Petterle Hill,teller
23808,Edna,Hewell,11/1/2018,80,7 David Alley,cashier
02351,Denney,Scranney,8/10/2001,26,445 Montana Park,manager
74435,Jorgan,Koopman,5/16/2011,99,185 Eastwood Center,analyst
97481,Bill,Woodburn,8/10/2003,62,916 Luster Avenue,cashier
89249,Filippo,Eliaz,12/29/2012,55,326 Crescent Oaks Junction,IT
52202,Cindee,Strood,6/15/2010,74,97426 Sachs Hill,analyst
49492,Ivie,Lilie,11/17/2012,34,5511 Sommers Trail,analyst
02162,Byran,Garter,4/18/2003,40,6878 Clove Crossing,IT
55661,Addy,Trigg,8/4/2003,23,3355 Bultman Drive,manager
01660,Lurlene,Bretherton,2/13/2012,49,97148 Morningstar Way,cashier
49709,Giorgia,Sivess,3/13/2014,90,410 Bultman Pass,IT
20699,Vanda,Waith,8/17/2011,27,07630 Huxley Pass,manager
34429,Arlena,Highnam,10/8/2015,80,40 Tennessee Way,manager
65584,Samuel,O'Bradain,2/18/1999,80,29 Barby Way,manager
48108,Ernestus,Milksop,4/14/2020,95,723 Eastlawn Street,cashier
48814,Glen,Jobbins,2/14/1998,84,36 Bowman Avenue,IT
26563,Adriano,Elliker,9/24/2013,46,9544 Dunning Center,analyst
53249,Elwyn,Bruinsma,11/15/2012,58,487 Algoma Crossing,teller
46373,Buffy,Aaronsohn,7/18/2007,86,104 Ryan Plaza,IT
48215,Dorise,McCarlich,5/9/2007,68,20914 Bluejay Junction,manager
35625,Elsi,Shovlin,10/20/2005,84,77956 Ridgeview Drive,analyst
87969,Price,Garie,11/6/2017,48,89748 Memorial Plaza,teller
11407,Lila,Woodnutt,1/18/2008,94,16 Sundown Avenue,teller
22292,Dulce,Dran,10/31/2019,26,16392 Chive Circle,IT
33748,Pyotr,Bilyard,10/31/2020,33,2522 Northview Court,manager
50043,Lurline,Phythean,5/15/2002,58,49992 Anniversary Way,manager
29379,Fidelity,Brunton,7/25/2001,35,5360 Burning Wood Hill,teller
28437,Annmaria,Birdis,10/18/2013,83,8902 Glacier Hill Terrace,IT
52650,Fanny,Pycock,7/9/2014,88,019 Marquette Park,manager
73401,Danya,Credland,6/21/2017,90,63 Crescent Oaks Road,cashier
84859,Malvin,Bernli,12/19/2009,80,529 Bluestem Alley,IT
97476,Neils,Hairyes,4/16/2010,47,1 Westend Point,teller
64766,Lavinia,Steed,6/24/2009,27,33 Rutledge Park,cashier
22155,Dale,Iggo,11/6/2020,93,5642 Pepper Wood Lane,teller
11117,Skippy,Drysdall,1/7/2016,45,7298 Sullivan Hill,IT
90569,Kirsti,Brosetti,8/14/2003,57,65669 Comanche Pass,analyst
23667,Ora,Sandall,11/28/2022,40,1 Sage Court,cashier
43457,Klement,Hammett,1/14/2019,19,26540 Eggendart Avenue,teller
50627,Mead,Cowey,11/21/2004,40,6 Drewry Terrace,manager
89863,Leda,Grabbam,5/9/1998,58,725 Nobel Junction,analyst
84060,Allie,Bavin,4/4/2017,82,74 Del Mar Lane,manager
62930,Zitella,Gerretsen,11/7/2012,44,9 Surrey Terrace,manager
04406,Ramon,Swinfen,8/22/2010,88,6447 Brickson Park Crossing,manager
90886,Gawen,Cattellion,12/22/2012,45,35 Kropf Center,teller
41319,Geneva,Zambon,11/29/2014,34,79 Everett Park,cashier
65602,Nicolas,Gruczka,7/7/2002,33,4 Burning Wood Plaza,IT
83277,Galven,Pelerin,4/1/2012,61,85 Springview Hill,teller
94563,Doro,Bridgens,7/3/2022,32,08 Derek Trail,teller
73935,Isabelita,Breche,6/27/2021,73,3 Debra Alley,manager
00964,Kalina,Veness,10/1/1997,87,6 Declaration Way,analyst
32689,Napoleon,Mathys,11/9/2022,55,6784 Waywood Terrace,IT
17175,Rustin,Trenholme,9/13/2007,90,67389 Southridge Road,manager
84799,Judith,Frankcomb,9/25/2015,70,45 Di Loreto Road,cashier
14728,Johan,Nelligan,12/19/2017,42,46 Forest Dale Drive,manager
80100,Anna-diane,Beausang,4/3/2017,83,8464 Gina Park,manager
80525,Thalia,Stife,7/6/2022,73,001 Manitowish Park,manager
99571,Evania,Grisbrook,1/9/2022,77,78540 Hoepker Way,cashier
64245,Dorris,Kruschov,4/1/2020,81,385 Ilene Court,IT
16630,Danyette,Clineck,10/5/2002,98,7405 Fieldstone Hill,IT
55562,Andrej,Coverdill,7/1/2012,98,723 Northfield Road,teller
82135,Antoinette,Gianulli,5/28/2017,80,781 Sheridan Way,cashier
69094,Vidovic,De Benedictis,3/12/2012,40,65891 Manitowish Junction,IT
33745,Myer,Farryann,10/16/2000,95,1 Mccormick Way,analyst
40740,Myles,Morshead,7/4/2005,81,864 Troy Alley,analyst
26948,Davie,Mayze,4/22/2008,38,3191 Bunker Hill Plaza,manager
28201,Lanna,Sheehan,10/27/2019,62,52 Ilene Avenue,IT
10340,Darin,Cobon,6/6/2007,83,989 Del Sol Crossing,teller
36226,Ranna,Fernie,8/10/2013,28,724 Sunnyside Road,manager
36084,Imojean,Lancastle,6/26/2019,79,5 Browning Junction,analyst
77915,Gray,Dowdam,7/24/2012,75,9960 Texas Hill,analyst
16089,Nikki,Jelfs,7/28/2015,71,98 Riverside Avenue,teller
13587,Kristi,Jakoubec,5/13/2009,99,672 Sachs Lane,manager
82047,Beryle,Chainey,6/10/2008,47,0366 Morrow Road,teller
15870,Michelina,Bidewell,2/17/2003,64,5016 Kenwood Crossing,manager
34894,Shirlee,Goslin,6/26/2000,20,1179 Novick Circle,manager
48085,Fidel,Van Der Walt,2/13/2010,40,0788 Clemons Trail,cashier
80557,Alaine,Streetley,7/14/1997,97,91033 Washington Street,analyst
89638,Sissie,Deave,10/9/2008,37,4960 Lunder Way,analyst
07081,Penrod,Farrand,8/11/2018,67,022 Truax Terrace,IT
67675,Gerri,Colly,3/3/2003,32,71824 Ilene Crossing,IT
81762,Carce,O' Markey,6/26/2011,72,43400 Packers Street,analyst
98641,Roby,Brend,1/28/2014,85,96 Sachs Lane,cashier
04021,Dominique,Andras,9/18/2004,53,1 Pierstorff Lane,cashier
80269,Galina,Barz,6/5/2016,41,15090 Shelley Lane,analyst
24806,Tasha,Cogley,1/16/2000,79,8 Fulton Plaza,analyst
42117,Abbey,Switzer,12/12/2010,31,76659 Onsgard Terrace,analyst
99733,Korella,Giblett,3/5/2000,52,03087 Anzinger Plaza,analyst
34818,Parry,Lealle,6/25/2003,39,9 6th Point,manager
59428,Tobiah,Kolyagin,4/10/2021,88,03 Maple Wood Road,analyst
63454,Whitaker,Goudard,9/30/2012,65,818 Fallview Avenue,cashier
70761,Scotti,Drohun,7/23/2010,86,631 Express Park,cashier
16065,Appolonia,Zanicchi,7/28/2004,40,3 East Lane,manager
39585,Grove,Francke,4/28/2008,46,08751 Oneill Terrace,analyst
